[
  {
    "id": 1,
    "nom": "Batterie 12V",
    "prix": 120,
    "categorie": "Électricité",
    "image": "images/batterie.jpeg"
  },
  {
    "id": 2,
    "nom": "Filtre à huile",
    "prix": 15,
    "categorie": "Filtration",
    "image": "images/filtre-huile.jpg"
  },
  {
    "id": 3,
    "nom": "Bougies d'allumage (x4)",
    "prix": 35,
    "categorie": "Moteur",
    "image": "images/bougies.jpeg"
  },
  {
    "id": 4,
    "nom": "Disques de frein (x2)",
    "prix": 80,
    "categorie": "Freinage",
    "image": "images/disques-frein.jpeg"
  },
  {
    "id": 5,
    "nom": "Courroie de distribution",
    "prix": 90,
    "categorie": "Moteur",
    "image": "images/courroie.jpg"
  },
  {
    "id": 6,
    "nom": "Pompe à eau",
    "prix": 70,
    "categorie": "Refroidissement",
    "image": "images/pompe-eau.jpg"
  },
  {
    "id": 7,
    "nom": "Amortisseurs arrière (x2)",
    "prix": 150,
    "categorie": "Suspension",
    "image": "images/amortisseurs.jpg"
  },
  {
    "id": 8,
    "nom": "Filtre à air",
    "prix": 20,
    "categorie": "Filtration",
    "image": "images/filtre-air.jpeg"
  },
  {
    "id": 9,
    "nom": "Capteur ABS",
    "prix": 50,
    "categorie": "Sécurité",
    "image": "images/capteur-abs.jpeg"
  },
  {
    "id": 10,
    "nom": "Radiateur de refroidissement",
    "prix": 130,
    "categorie": "Refroidissement",
    "image": "images/radiateur.jpeg"
  },
  {
    "id": 11,
    "nom": "Alternateur",
    "prix": 200,
    "categorie": "Électricité",
    "image": "images/alternateur.png"
  },
  {
    "id": 12,
    "nom": "Démarreur",
    "prix": 180,
    "categorie": "Électricité",
    "image": "images/demarreur.jpeg"
  },
  {
    "id": 13,
    "nom": "Kit d’embrayage",
    "prix": 220,
    "categorie": "Transmission",
    "image": "images/embrayage.jpeg"
  },
  {
    "id": 14,
    "nom": "Injecteur de carburant",
    "prix": 110,
    "categorie": "Moteur",
    "image": "images/injecteur.jpeg"
  },
  {
    "id": 15,
    "nom": "Pompe à carburant",
    "prix": 90,
    "categorie": "Carburant",
    "image": "images/pompe-carburant.jpeg"
  },
  {
    "id": 16,
    "nom": "Capteur de pression des pneus (TPMS)",
    "prix": 45,
    "categorie": "Sécurité",
    "image": "images/capteur-pression.jpeg"
  },
  {
    "id": 17,
    "nom": "Rétroviseur extérieur",
    "prix": 60,
    "categorie": "Carrosserie",
    "image": "images/retroviseur.jpeg"
  },
  {
    "id": 18,
    "nom": "Échappement complet",
    "prix": 250,
    "categorie": "Échappement",
    "image": "images/echappement.jpeg"
  },
  {
    "id": 19,
    "nom": "Vanne EGR",
    "prix": 140,
    "categorie": "Moteur",
    "image": "images/vanne-egr"
  },
  {
    "id": 20,
    "nom": "Turbo",
    "prix": 400,
    "categorie": "Moteur",
    "image": "images/turbo.jpeg"
  },
  {
    "id": 21,
    "nom": "Joint de culasse",
    "prix": 75,
    "categorie": "Moteur",
    "image": "images/joint-culasse.jpeg"
  },
  {
    "id": 22,
    "nom": "Boîtier de direction",
    "prix": 300,
    "categorie": "Direction",
    "image": "images/boitier-direction.jpeg"
  },
  {
    "id": 23,
    "nom": "Silent bloc de suspension",
    "prix": 35,
    "categorie": "Suspension",
    "image": "images/silent-bloc.jpeg"
  },
  {
    "id": 24,
    "nom": "Cardan de transmission",
    "prix": 160,
    "categorie": "Transmission",
    "image": "images/cardan.jpeg"
  },
  {
    "id": 25,
    "nom": "Capteur de position vilebrequin",
    "prix": 50,
    "categorie": "Moteur",
    "image": "images/capteur-vilebrequin.jpeg"
  }
]